{
  "hash": "aa51ecb3",
  "configHash": "66ca471d",
  "lockfileHash": "5e9be11d",
  "browserHash": "0af2f9b8",
  "optimized": {
    "@angular/common": {
      "src": "../../../../../../node_modules/@angular/common/fesm2022/common.mjs",
      "file": "@angular_common.js",
      "fileHash": "3b0b4d95",
      "needsInterop": false
    },
    "@angular/common/http": {
      "src": "../../../../../../node_modules/@angular/common/fesm2022/http.mjs",
      "file": "@angular_common_http.js",
      "fileHash": "25edf0a1",
      "needsInterop": false
    },
    "@angular/core": {
      "src": "../../../../../../node_modules/@angular/core/fesm2022/core.mjs",
      "file": "@angular_core.js",
      "fileHash": "4cf45bcf",
      "needsInterop": false
    },
    "@angular/platform-browser": {
      "src": "../../../../../../node_modules/@angular/platform-browser/fesm2022/platform-browser.mjs",
      "file": "@angular_platform-browser.js",
      "fileHash": "b0849c90",
      "needsInterop": false
    },
    "@angular/platform-server": {
      "src": "../../../../../../node_modules/@angular/platform-server/fesm2022/platform-server.mjs",
      "file": "@angular_platform-server.js",
      "fileHash": "b1aeb658",
      "needsInterop": false
    },
    "@angular/router": {
      "src": "../../../../../../node_modules/@angular/router/fesm2022/router.mjs",
      "file": "@angular_router.js",
      "fileHash": "7997b542",
      "needsInterop": false
    },
    "@angular/ssr": {
      "src": "../../../../../../node_modules/@angular/ssr/fesm2022/ssr.mjs",
      "file": "@angular_ssr.js",
      "fileHash": "5bed81a7",
      "needsInterop": false
    },
    "@angular/ssr/node": {
      "src": "../../../../../../node_modules/@angular/ssr/fesm2022/node.mjs",
      "file": "@angular_ssr_node.js",
      "fileHash": "1e139995",
      "needsInterop": false
    },
    "express": {
      "src": "../../../../../../node_modules/express/index.js",
      "file": "express.js",
      "fileHash": "06a802d4",
      "needsInterop": true
    },
    "ng2-charts": {
      "src": "../../../../../../node_modules/ng2-charts/fesm2022/ng2-charts.mjs",
      "file": "ng2-charts.js",
      "fileHash": "f9c9122c",
      "needsInterop": false
    },
    "rxjs": {
      "src": "../../../../../../node_modules/rxjs/dist/cjs/index.js",
      "file": "rxjs.js",
      "fileHash": "144a11d9",
      "needsInterop": true
    },
    "rxjs/operators": {
      "src": "../../../../../../node_modules/rxjs/dist/cjs/operators/index.js",
      "file": "rxjs_operators.js",
      "fileHash": "66184a76",
      "needsInterop": true
    },
    "chart.js": {
      "src": "../../../../../../node_modules/chart.js/dist/chart.js",
      "file": "chart__js.js",
      "fileHash": "0bfdd875",
      "needsInterop": false
    }
  },
  "chunks": {
    "xhr2-TXIMV6CV": {
      "file": "xhr2-TXIMV6CV.js"
    },
    "chunk-WPCQZYIF": {
      "file": "chunk-WPCQZYIF.js"
    },
    "chunk-Q3N3W44F": {
      "file": "chunk-Q3N3W44F.js"
    },
    "chunk-HCOVVKRG": {
      "file": "chunk-HCOVVKRG.js"
    },
    "chunk-VD5EHRUY": {
      "file": "chunk-VD5EHRUY.js"
    },
    "chunk-J2UWBVZ7": {
      "file": "chunk-J2UWBVZ7.js"
    },
    "chunk-JKKTURFH": {
      "file": "chunk-JKKTURFH.js"
    },
    "chunk-XJQYCB5G": {
      "file": "chunk-XJQYCB5G.js"
    },
    "chunk-ZEGT7WKR": {
      "file": "chunk-ZEGT7WKR.js"
    },
    "chunk-XCIYP5SE": {
      "file": "chunk-XCIYP5SE.js"
    },
    "chunk-ZUJ64LXG": {
      "file": "chunk-ZUJ64LXG.js"
    },
    "chunk-OYTRG5F6": {
      "file": "chunk-OYTRG5F6.js"
    },
    "chunk-YHCV7DAQ": {
      "file": "chunk-YHCV7DAQ.js"
    }
  }
}